member_id,plan_id,coverage_month,coverage_start_date,coverage_end_date,coverage_status
MBR00000001,PLN0002,2025-01-01,2025-01-01,2025-01-31,active
MBR00000001,PLN0002,2025-02-01,2025-02-01,2025-02-28,active
MBR00000001,PLN0002,2025-03-01,2025-03-01,2025-03-31,active
MBR00000001,PLN0002,2025-04-01,2025-04-01,2025-04-30,active
MBR00000001,PLN0002,2025-05-01,2025-05-01,2025-05-31,active
MBR00000001,PLN0002,2025-06-01,2025-06-01,2025-06-30,active
MBR00000001,PLN0002,2025-07-01,2025-07-01,2025-07-31,active
MBR00000001,PLN0002,2025-08-01,2025-08-01,2025-08-31,active
MBR00000001,PLN0002,2025-09-01,2025-09-01,2025-09-30,active
MBR00000001,PLN0002,2025-10-01,2025-10-01,2025-10-31,active
MBR00000001,PLN0002,2025-11-01,2025-11-01,2025-11-30,active
MBR00000001,PLN0002,2025-12-01,2025-12-01,2025-12-31,active
MBR00000001,PLN0002,2026-01-01,2026-01-01,2026-01-31,active
MBR00000001,PLN0002,2026-02-01,2026-02-01,2026-02-28,active
MBR00000001,PLN0002,2026-03-01,2026-03-01,2026-03-31,active
MBR00000001,PLN0002,2026-04-01,2026-04-01,2026-04-30,active
MBR00000001,PLN0002,2026-05-01,2026-05-01,2026-05-31,active
MBR00000001,PLN0002,2026-06-01,2026-06-01,2026-06-30,active
MBR00000002,PLN0002,2025-02-01,2025-02-01,2025-02-28,active
MBR00000002,PLN0002,2025-03-01,2025-03-01,2025-03-31,active
MBR00000002,PLN0002,2025-04-01,2025-04-01,2025-04-30,active
MBR00000002,PLN0002,2025-05-01,2025-05-01,2025-05-31,active
MBR00000002,PLN0002,2025-06-01,2025-06-01,2025-06-30,active
MBR00000002,PLN0002,2025-07-01,2025-07-01,2025-07-31,active
MBR00000002,PLN0002,2025-08-01,2025-08-01,2025-08-31,active
