membership_month_key,member_key,plan_key,coverage_month_date_key,member_id,plan_id,coverage_month,coverage_start_date,coverage_end_date,coverage_status
1,1,2,1,MBR00000001,PLN0002,2025-01-01,2025-01-01,2025-01-31,active
2,1,2,32,MBR00000001,PLN0002,2025-02-01,2025-02-01,2025-02-28,active
3,1,2,60,MBR00000001,PLN0002,2025-03-01,2025-03-01,2025-03-31,active
4,1,2,91,MBR00000001,PLN0002,2025-04-01,2025-04-01,2025-04-30,active
5,1,2,121,MBR00000001,PLN0002,2025-05-01,2025-05-01,2025-05-31,active
6,1,2,152,MBR00000001,PLN0002,2025-06-01,2025-06-01,2025-06-30,active
7,1,2,182,MBR00000001,PLN0002,2025-07-01,2025-07-01,2025-07-31,active
8,1,2,213,MBR00000001,PLN0002,2025-08-01,2025-08-01,2025-08-31,active
9,1,2,244,MBR00000001,PLN0002,2025-09-01,2025-09-01,2025-09-30,active
10,1,2,274,MBR00000001,PLN0002,2025-10-01,2025-10-01,2025-10-31,active
11,1,2,305,MBR00000001,PLN0002,2025-11-01,2025-11-01,2025-11-30,active
12,1,2,335,MBR00000001,PLN0002,2025-12-01,2025-12-01,2025-12-31,active
13,1,2,366,MBR00000001,PLN0002,2026-01-01,2026-01-01,2026-01-31,active
14,1,2,397,MBR00000001,PLN0002,2026-02-01,2026-02-01,2026-02-28,active
15,1,2,425,MBR00000001,PLN0002,2026-03-01,2026-03-01,2026-03-31,active
16,1,2,456,MBR00000001,PLN0002,2026-04-01,2026-04-01,2026-04-30,active
17,1,2,486,MBR00000001,PLN0002,2026-05-01,2026-05-01,2026-05-31,active
18,1,2,517,MBR00000001,PLN0002,2026-06-01,2026-06-01,2026-06-30,active
19,2,2,32,MBR00000002,PLN0002,2025-02-01,2025-02-01,2025-02-28,active
20,2,2,60,MBR00000002,PLN0002,2025-03-01,2025-03-01,2025-03-31,active
21,2,2,91,MBR00000002,PLN0002,2025-04-01,2025-04-01,2025-04-30,active
22,2,2,121,MBR00000002,PLN0002,2025-05-01,2025-05-01,2025-05-31,active
23,2,2,152,MBR00000002,PLN0002,2025-06-01,2025-06-01,2025-06-30,active
24,2,2,182,MBR00000002,PLN0002,2025-07-01,2025-07-01,2025-07-31,active
25,2,2,213,MBR00000002,PLN0002,2025-08-01,2025-08-01,2025-08-31,active
